START_STATION,AVG_RIDE_COUNT
Streeter Dr & Grand Ave,5215.04
Michigan Ave & Oak St,2715.83
Millennium Park,2676.04
Theater on the Lake,2163.63
Wells St & Concord Ln,2134.00
Clark St & Elm St,2035.13
Wells St & Elm St,1815.25
Wabash Ave & Grand Ave,1753.08
Shedd Aquarium,1728.21
Clark St & Lincoln Ave,1705.25
Clark St & Armitage Ave,1689.75
Indiana Ave & Roosevelt Rd,1666.50
Lake Shore Dr & Monroe St,1620.08
Dearborn St & Erie St,1605.75
St. Clair St & Erie St,1594.58
Kingsbury St & Kinzie St,1583.67
Broadway & Barry Ave,1537.46
New St & Illinois St,1501.33
Wells St & Huron St,1477.92
Michigan Ave & Washington St,1450.17
Michigan Ave & Lake St,1435.83
Fairbanks Ct & Grand Ave,1405.67
Larrabee St & Webster Ave,1374.79
DuSable Lake Shore Dr & North Blvd,1373.92
Lake Shore Dr & North Blvd,1364.63
Wilton Ave & Belmont Ave,1357.46
Lakeview Ave & Fullerton Pkwy,1329.71
DuSable Lake Shore Dr & Monroe St,1321.00
Green St & Madison St,1319.96
Columbus Dr & Randolph St,1297.79
Wells St & Evergreen Ave,1295.92
Dusable Harbor,1290.54
LaSalle St & Illinois St,1277.71
Clark St & Wrightwood Ave,1255.75
Wabash Ave & Roosevelt Rd,1243.25
Ashland Ave & Division St,1233.29
Clinton St & Madison St,1227.29
Montrose Harbor,1216.04
Desplaines St & Kinzie St,1211.50
Wells St & Hubbard St,1209.54
Dearborn Pkwy & Delaware Pl,1208.54
Clark St & Drummond Pl,1199.29
Lincoln Ave & Fullerton Ave,1186.83
Clark St & Schiller St,1151.29
Michigan Ave & 8th St,1150.67
Clark St & Newport St,1140.33
Halsted St & Roscoe St,1121.63
State St & Kinzie St,1120.29
McClurg Ct & Erie St,1114.46
Broadway & Cornelia Ave,1098.50
Rush St & Cedar St,1089.50
Pine Grove Ave & Waveland Ave,1082.54
Rush St & Superior St,1076.58
State St & Randolph St,1071.38
Broadway & Waveland Ave,1070.92
Damen Ave & Pierce Ave,1069.71
Green St & Randolph St,1067.63
Mies van der Rohe Way & Chestnut St,1030.79
Sheffield Ave & Waveland Ave,1030.71
Clinton St & Washington Blvd,1018.88
Lakefront Trail & Bryn Mawr Ave,1017.29
Federal St & Polk St,1002.38
Stockton Dr & Wrightwood Ave,993.63
Morgan St & Lake St,993.54
Southport Ave & Roscoe St,991.13
Bissell St & Armitage Ave,986.79
Clark St & Wellington Ave,980.21
Kingsbury St & Erie St,957.08
Wabash Ave & 9th St,956.83
Adler Planetarium,955.71
Halsted St & Wrightwood Ave,955.00
Halsted St & Clybourn Ave,954.50
Wilton Ave & Diversey Pkwy,954.33
Daley Center Plaza,951.92
Wabash Ave & Wacker Pl,941.79
Orleans St & Merchandise Mart Plaza,939.42
Buckingham Fountain,935.50
Milwaukee Ave & Grand Ave,934.54
Dearborn St & Monroe St,933.88
Mies van der Rohe Way & Chicago Ave,930.33
Southport Ave & Waveland Ave,922.04
Sheffield Ave & Wellington Ave,903.83
Franklin St & Jackson Blvd,902.58
Lincoln Park Conservatory,901.38
Sheffield Ave & Fullerton Ave,894.63
Broadway & Belmont Ave,876.21
Halsted St & Dickens Ave,873.88
Canal St & Adams St,866.58
Sheffield Ave & Webster Ave,865.63
Clark St & Grace St,861.04
Clinton St & Lake St,853.33
Sedgwick St & North Ave,853.08
Franklin St & Illinois St,848.67
Clark St & Lake St,842.88
Burnham Harbor,830.63
Ellis Ave & 60th St,820.17
Sedgwick St & Webster Ave,817.13
Clark St & Randolph St,814.58
Wood St & Milwaukee Ave,810.50
Sheffield Ave & Wrightwood Ave,805.92
Loomis St & Lexington St,801.38
Lincoln Ave & Diversey Pkwy,796.04
Franklin St & Lake St,793.58
Larrabee St & Kingsbury St,786.92
Michigan Ave & Pearson St,783.29
Peoria St & Jackson Blvd,780.17
Pine Grove Ave & Irving Park Rd,777.88
LaSalle Dr & Huron St,770.92
Sheridan Rd & Montrose Ave,765.38
Field Blvd & South Water St,764.96
Shore Dr & 55th St,761.00
Michigan Ave & 14th St,759.67
Ritchie Ct & Banks St,758.79
Cityfront Plaza Dr & Pioneer Ct,756.17
Clark St & North Ave,750.63
Clark St & Chicago Ave,749.00
University Ave & 57th St,747.08
Burling St & Diversey Pkwy,740.50
Racine Ave & Fullerton Ave,735.00
Sheridan Rd & Irving Park Rd,730.54
Racine Ave & Belmont Ave,730.42
Michigan Ave & Jackson Blvd,720.63
Broadway & Sheridan Rd,714.58
Fort Dearborn Dr & 31st St,709.42
Sheffield Ave & Kingsbury St,708.00
Franklin St & Chicago Ave,706.75
Michigan Ave & Madison St,695.71
Stetson Ave & South Water St,695.54
Clinton St & Jackson Blvd,681.71
Sheffield Ave & Willow St,680.29
Sedgwick St & Huron St,678.79
Clarendon Ave & Gordon Ter,676.71
Milwaukee Ave & Wabansia Ave,670.92
Canal St & Madison St,667.71
Franklin St & Monroe St,665.71
Greenview Ave & Fullerton Ave,659.54
Wells St & Polk St,657.46
Southport Ave & Wellington Ave,656.38
Damen Ave & Cortland St,649.71
Lake Shore Dr & Ohio St,642.92
DuSable Lake Shore Dr & Belmont Ave,642.58
Lake Shore Dr & Diversey Pkwy,642.50
State St & Pearson St,638.92
Desplaines St & Randolph St,636.29
Clark St & Winnemac Ave,634.67
Clarendon Ave & Junior Ter,627.92
DuSable Lake Shore Dr & Wellington Ave,624.83
Southport Ave & Wrightwood Ave,622.79
DuSable Lake Shore Dr & Diversey Pkwy,621.13
Lake Shore Dr & Wellington Ave,616.08
Wabash Ave & Adams St,614.46
LaSalle St & Jackson Blvd,613.75
Dayton St & North Ave,613.46
Lake Shore Dr & Belmont Ave,613.08
Kimbark Ave & 53rd St,609.33
Halsted St & Willow St,604.17
Larrabee St & Division St,602.04
Ravenswood Ave & Lawrence Ave,598.04
Lincoln Ave & Roscoe St,593.79
Desplaines St & Jackson Blvd,592.58
Lakefront Trail & Wilson Ave,591.17
Aberdeen St & Jackson Blvd,588.75
Damen Ave & Chicago Ave,586.88
DuSable Lake Shore Dr & Ohio St,586.83
Ellis Ave & 55th St,581.88
Honore St & Division St,577.50
Clifton Ave & Armitage Ave,575.42
Ogden Ave & Chicago Ave,572.38
Lincoln Ave & Belmont Ave,571.50
Larrabee St & Armitage Ave,568.21
Aberdeen St & Monroe St,565.58
Orleans St & Chestnut St (NEXT Apts),560.00
Ashland Ave & Blackhawk St,552.54
Calumet Ave & 18th St,551.08
Rush St & Hubbard St,546.83
Kedzie Ave & Milwaukee Ave,543.58
Michigan Ave & 18th St,536.25
Ogden Ave & Race Ave,535.50
Damen Ave & Division St,534.38
Carpenter St & Huron St,530.83
Southport Ave & Belmont Ave,530.00
California Ave & Milwaukee Ave,525.79
Field Museum,520.29
Sangamon St & Washington Blvd,519.79
LaSalle St & Washington St,519.21
Paulina St & Flournoy St,518.75
Wentworth Ave & Cermak Rd,517.88
Clark St & Berwyn Ave,517.21
Eckhart Park,515.96
Fairbanks St & Superior St,512.83
Franklin St & Adams St (Temp),512.13
State St & Harrison St,511.92
Morgan St & Polk St,509.13
Marine Dr & Ainslie St,506.00
Paulina Ave & North Ave,504.00
Aberdeen St & Randolph St,503.21
Southport Ave & Clybourn Ave,500.13
Cannon Dr & Fullerton Ave,496.96
Orleans St & Hubbard St,496.79
Wabash Ave & 16th St,490.71
Wolcott Ave & Polk St,485.75
May St & Taylor St,484.17
Dearborn St & Adams St,482.71
Halsted St & Polk St,482.46
Noble St & Milwaukee Ave,477.79
Wells St & Walton St,475.54
Broadway & Wilson - Truman College Vaccination Site,470.58
Broadway & Argyle St,470.00
State St & 33rd St,469.50
Western Ave & Winnebago Ave,469.29
Michigan Ave & Ida B Wells Dr,469.08
State St & Van Buren St,468.83
Clark St & Leland Ave,467.54
Ashland Ave & Chicago Ave,466.38
Sheridan Rd & Buena Ave,457.25
Ada St & Washington Blvd,446.88
Jefferson St & Monroe St,440.92
Canal St & Monroe St,438.25
Wacker Dr & Washington St,434.96
Dearborn St & Van Buren St,434.17
Walsh Park,433.08
Broadway & Berwyn Ave,431.17
Broadway & Granville Ave,426.58
Cornell Ave & Hyde Park Blvd,426.21
Racine Ave & Wrightwood Ave,422.42
900 W Harrison St,416.46
Clinton St & Roosevelt Rd,413.42
Halsted St & Maxwell St,410.71
MLK Jr Dr & 29th St,400.79
Damen Ave & Thomas St (Augusta Blvd),400.21
Larrabee St & North Ave,399.71
Ashland Ave & Augusta Blvd,396.38
Broadway & Thorndale Ave,391.29
Museum of Science and Industry,388.18
Larrabee St & Oak St,388.17
Southport Ave & Irving Park Rd,381.63
Lake Park Ave & 53rd St,381.00
Clarendon Ave & Leland Ave,377.04
Racine Ave & 18th St,376.50
Financial Pl & Ida B Wells Dr,373.79
Western Ave & Walton St,371.00
Greenview Ave & Diversey Pkwy,369.71
Ashland Ave & Grace St,364.21
Ashland Ave & Wrightwood Ave,364.04
Delano Ct & Roosevelt Rd,362.63
Broadway & Ridge Ave,360.33
Clark St & Bryn Mawr Ave,356.46
Leavitt St & North Ave,356.42
Ellis Ave & 58th St,355.13
Wood St & Chicago Ave,352.58
Clark St & 9th St (AMLI),350.25
Wood St & Taylor St (Temp),350.25
Woodlawn Ave & 55th St,349.83
Throop St & Taylor St,349.42
Loomis St & Jackson Blvd,346.38
Clybourn Ave & Division St,345.17
Benson Ave & Church St,344.50
Lake Park Ave & 56th St,337.71
Winthrop Ave & Lawrence Ave,336.13
Sheridan Rd & Lawrence Ave,327.25
Canal St & Jackson Blvd,325.00
Damen Ave & Charleston St,322.96
Ashland Ave & Grand Ave,313.83
Western Ave & Leland Ave,313.04
Clark St & Montrose Ave,312.58
Ashland Ave & Wellington Ave,310.25
Larrabee St & Menomonee St,307.88
Elston Ave & Cortland St,306.79
Campbell Ave & North Ave,306.25
LaSalle St & Adams St,305.88
Lincoln Ave & Belle Plaine Ave,302.46
Sheridan Rd & Noyes St (NU),299.42
Canal St & Taylor St,298.33
Ellis Ave & 53rd St,297.46
Blue Island Ave & 18th St,294.54
Sedgwick St & Schiller St,294.04
Orleans St & Elm St,289.63
Seeley Ave & Roscoe St,288.96
Wood St & Augusta Blvd,288.25
Humboldt Blvd & Armitage Ave,287.79
Clark St & Ida B Wells Dr,285.38
Ravenswood Ave & Irving Park Rd,283.83
Leavitt St & Armitage Ave,282.33
Logan Blvd & Elston Ave,281.75
Damen Ave & Leland Ave,280.00
Western Ave & Division St,279.08
Sheridan Rd & Loyola Ave,275.00
Elizabeth (May) St & Fulton St,272.04
Emerald Ave & 31st St,271.42
Racine Ave & Congress Pkwy,270.96
Racine Ave & Randolph St,269.00
Damen Ave & Grand Ave,268.50
Racine Ave & Washington Blvd,266.50
Blackstone Ave & Hyde Park Blvd,265.38
Lincoln Ave & Sunnyside Ave,265.13
Chicago Ave & Sheridan Rd,261.92
Lincoln Ave & Waveland Ave,261.21
Damen Ave & Clybourn Ave,259.67
McCormick Place,258.67
Calumet Ave & 33rd St,255.88
California Ave & Cortez St,254.58
Albany Ave & Bloomingdale Ave,251.54
Ashland Ave & Lake St,248.79
Damen Ave & Wellington Ave,247.17
Morgan Ave & 14th Pl,246.83
Western Ave & Fillmore St,246.04
Morgan St & 18th St,244.38
Wolcott (Ravenswood) Ave & Montrose Ave,243.71
Leavitt St & Chicago Ave,238.88
Milwaukee Ave & Rockwell St,237.79
California Ave & North Ave,237.71
Halsted St & Roosevelt Rd,235.88
Stave St & Armitage Ave,235.21
Rhodes Ave & 32nd St,231.88
Lake Park Ave & 35th St,231.54
Kedzie Ave & Palmer Ct,228.92
Calumet Ave & 21st St,226.50
Leavitt St & Division St,222.83
California Ave & Francis Pl (Temp),221.17
Glenwood Ave & Morse Ave,219.63
Wood St & Hubbard St,218.17
Sheridan Rd & Columbia Ave,216.71
Paulina St & 18th St,212.79
California Ave & Division St,207.83
Chicago Ave & Washington St,207.33
Indiana Ave & 31st St,204.63
Leavitt St & Belmont Ave,204.63
Harper Ave & 59th St,202.25
California Ave & Altgeld St,202.00
State St & 35th St,198.46
Wabash Ave & Cermak Rd,195.58
Damen Ave & Foster Ave,195.21
Central Park Ave & Bloomingdale Ave,192.25
Damen Ave & Melrose Ave,192.00
Spaulding Ave & Armitage Ave,191.46
Damen Ave & Madison St,188.04
Winchester Ave & Elston Ave,186.75
Campbell Ave & Fullerton Ave,183.13
Ravenswood Ave & Berteau Ave,178.71
Southport Ave & Clark St,176.08
Damen Ave & Sunnyside Ave,175.50
State St & 19th St,175.13
Morgan St & 31st St,174.83
Lincoln Ave & Addison St,172.75
Clark St & Elmdale Ave,172.38
University Library (NU),168.96
Paulina St & Montrose Ave,166.79
Indiana Ave & 26th St,164.13
Clinton St & Tilden St,163.92
Ashland Ave & Belle Plaine Ave,161.29
California Ave & Montrose Ave,160.58
Wells St & 19th St,160.33
Clinton St & 18th St,158.58
California Ave & Fletcher St,158.42
Lake Park Ave & 47th St,157.04
Troy St & North Ave,157.04
Greenview Ave & Jarvis Ave,156.83
Western Ave & Congress Pkwy,156.58
Elston Ave & Wabansia Ave,156.04
Shields Ave & 31st St,155.46
63rd St Beach,154.68
Washtenaw Ave & Lawrence Ave,153.79
Canal St & Harrison St,153.54
Racine Ave & 15th St,153.42
Rockwell St & Eastwood Ave,143.71
Talman Ave & Addison St,143.29
Leavitt St & Lawrence Ave,142.58
St. Louis Ave & Fullerton Ave,141.75
Damen Ave & Walnut (Lake) St,140.88
Ogden Ave & Congress Pkwy,140.83
Clark St & Schreiber Ave,139.83
Ashland Ave & 13th St,137.46
Eastlake Ter & Rogers Ave,136.92
Campbell Ave & Montrose Ave,136.38
Wentworth Ave & 33rd St,134.33
Leavitt St & Addison St,133.46
Emerald Ave & 28th St,132.92
Damen Ave & Cullerton St,132.75
Laflin St & Cullerton St,131.38
Sheridan Rd & Greenleaf Ave,131.25
Wallace St & 35th St,129.67
Western Ave & Roscoe St,128.83
Claremont Ave & Hirsch St,127.38
Clark St & Lunt Ave,127.33
Halsted St & North Branch St,125.92
Lincoln Ave & Winona St,125.00
Cottage Grove Ave & Oakwood Blvd,117.79
Oakley Ave & Irving Park Rd,116.00
Francisco Ave & Foster Ave,116.00
California Ave & Byron St,115.25
Wentworth Ave & 24th St (Temp),115.17
South Shore Dr & 71st St,114.75
Artesian Ave & Hubbard St,114.63
Glenwood Ave & Touhy Ave,112.75
Troy St & Elston Ave,112.54
Calumet Ave & 35th St,112.00
May St & Cullerton St,111.42
Greenwood Ave & 47th St,110.67
Clark St & Columbia Ave,110.46
Smith Park,109.46
Western Ave & Monroe St,108.71
Marshfield Ave & Cortland St,107.83
Richmond St & Diversey Ave,107.75
Hoyne Ave & Balmoral Ave,104.92
Paulina St & Howard St,103.17
Spaulding Ave & Division St,102.67
Kosciuszko Park,102.04
N Green St & W Lake St,101.39
Central Park Ave & Elbridge Ave,101.33
Halsted St & 21st St,100.08
Kimball Ave & Belmont Ave,99.88
Woodlawn Ave & Lake Park Ave,98.00
Albany Ave & Montrose Ave,97.04
Manor Ave & Leland Ave,95.25
Malcolm X College Vaccination Site,94.79
Halsted St & 35th St,93.17
Western Ave & 21st St,92.75
Avers Ave & Belmont Ave,90.71
Winchester (Ravenswood) Ave & Balmoral Ave,89.96
Shields Ave & 28th Pl,89.46
Halsted St & 18th St (Temp),88.92
Halsted St & Archer Ave,88.46
South Shore Dr & 67th St,86.96
Wentworth Ave & 35th St,86.88
Evanston Civic Center,86.46
Halsted St & 18th St,85.38
Cherry Ave & Blackhawk St,81.79
Ogden Ave & Roosevelt Rd,78.13
Central St Metra,76.79
W Oakdale Ave & N Broadway,74.79
Christiana Ave & Lawrence Ave,73.79
Dorchester Ave & 49th St,72.92
Western Ave & Lunt Ave,72.88
Valli Produce - Evanston Plaza,72.79
Kedzie Ave & Foster Ave,70.43
Clinton St & Polk St,69.83
MLK Jr Dr & Pershing Rd,69.67
California Ave & 21st St,69.17
Drake Ave & Montrose Ave,69.13
Monticello Ave & Irving Park Rd,66.08
Avondale Ave & Irving Park Rd,65.79
Loomis St & Archer Ave,65.33
Central Park Ave & North Ave,64.96
Hermitage Ave & Polk St,64.75
Washtenaw Ave & Ogden Ave,64.50
Kedzie Ave & Leland Ave,63.75
Warren Park West,63.58
Western Ave & Granville Ave,63.46
Cottage Grove Ave & 51st St,62.92
Cottage Grove Ave & 47th St,62.50
Central St & Girard Ave,62.46
Racine Ave & 13th St,62.04
Normal Ave & Archer Ave,61.38
Prairie Ave & Garfield Blvd,60.96
Bernard St & Elston Ave,60.88
Elmwood Ave & Austin St,56.87
Racine Ave & 35th St,55.83
Sawyer Ave & Irving Park Rd,55.71
Prairie Ave & 43rd St,55.67
Calumet Ave & 51st St,55.61
Ashland Ave & Archer Ave,55.00
Budlong Woods Library,54.00
Kedzie Ave & Bryn Mawr Ave,53.58
Clark St & Jarvis Ave,53.17
MLK Jr Dr & 47th St,52.13
DuSable Museum,50.77
Bosworth Ave & Howard St,50.63
Lincolnwood Dr & Central St,50.59
Warren Park East,48.63
Cottage Grove Ave & 43rd St,48.17
California Ave & 23rd Pl,48.05
2112 W Peterson Ave,47.88
Clark St & Touhy Ave,47.88
St. Louis Ave & Balmoral Ave,46.75
Conservatory Dr & Lake St,46.71
Dorchester Ave & 63rd St,46.71
Jeffery Blvd & 67th St,45.92
California Ave & Lake St,45.42
Keystone Ave & Fullerton Ave,44.57
Dodge Ave & Church St,44.23
State St & 29th St,43.88
Cottage Grove Ave & 63rd St,42.42
Leavitt St & Archer Ave,42.00
Drake Ave & Addison St,41.79
Western Ave & 24th St,41.63
Keystone Ave & Montrose Ave,41.58
Western Ave & Howard St,40.38
Milwaukee Ave & Cuyler Ave,39.92
Kedzie Ave & Chicago Ave,39.71
Ridge Blvd & Howard St,37.38
Cornell Dr & Hayes Dr,37.22
Wood St & 35th St,36.83
Central Ave & Chicago Ave,36.24
Damen Ave & Wabansia Ave,36.04
Kildare Ave & Montrose Ave,35.08
Kedzie Ave & Lake St,34.88
Dodge Ave & Main St,34.78
W Armitage Ave & N Sheffield Ave,34.54
South Shore Dr & 74th St,34.21
Ridge Blvd & Touhy Ave,34.04
Halsted St & 47th Pl,33.96
Damen Ave & Coulter St,33.21
Fairfield Ave & Roosevelt Rd,32.67
Maplewood Ave & Peterson Ave,32.54
Halsted St & 37th St,32.04
Stony Island Ave & 64th St,31.48
Union Ave & Root St,31.46
Damen Ave & Pershing Rd,31.32
Indiana Ave & 40th St,31.25
Austin Blvd & Lake St,30.88
Archer (Damen) Ave & 37th St,30.21
Dodge Ave & Mulford St,28.83
Calumet Park,28.77
Big Marsh Park,28.56
Oakley Ave & Touhy Ave,28.46
Central Park Ave & Ogden Ave,28.21
Chicago State University,27.59
Pulaski Rd & Eddy St (Temp),27.17
N Sheffield Ave & W Wellington Ave,27.09
Stony Island Ave & 67th St,27.08
Eberhart Ave & 61st St,26.83
Wolcott Ave & Fargo Ave,26.57
Knox Ave & Montrose Ave,25.96
Stony Island Ave & 71st St,24.75
State St & 95th St,23.29
Rainbow Beach,22.42
MLK Jr Dr & 56th St,22.35
Central Park Blvd & 5th Ave,22.26
Jeffery Blvd & 71st St,22.13
Hampden Ct & Diversey Ave,21.79
Sacramento Blvd & Franklin Blvd,21.57
Stony Island Ave & 75th St,21.23
Kilbourn Ave & Irving Park Rd,20.83
Austin Blvd & Madison St,20.75
Prospect Sq & 91st St,20.00
Princeton Ave & 47th St,19.29
Burnham Greenway & 105th St,19.05
Kedzie Ave & 21st St,18.91
MLK Jr Dr & 63rd St,18.79
Kilbourn Ave & Milwaukee Ave,18.68
State St & Pershing Rd,18.52
Ashland Ave & Pershing Rd,18.46
Phillips Ave & 79th St,18.42
Kedzie Ave & Roosevelt Rd,18.22
N Southport Ave & W Newport Ave,17.91
Western Blvd & 48th Pl,17.75
Marshfield Ave & 44th St,17.67
California Ave & 26th St,17.24
Princeton Ave & Garfield Blvd,17.08
Jeffery Blvd & 76th St,17.05
Cottage Grove Ave & 67th St,17.00
Hale Ave & 107th St,16.65
Austin Blvd & Chicago Ave,16.63
Central Ave & Lake St,16.30
Albany Ave & 26th St,16.17
Ashland Ave & McDowell Ave,15.67
Hoyne Ave & 47th St,15.25
Lawndale Ave & 111th St,15.17
Wabash Ave & 87th St,15.13
Central Ave & Madison St,15.08
State St & 54th St,14.74
State St & 79th St,14.71
Yates Blvd & 75th St,14.67
Base - 2132 W Hubbard Warehouse,14.57
Eberhart Ave & 91st St,14.14
Commercial Ave & 130th St,14.13
Millard Ave & 26th St,13.95
N Carpenter St & W Lake St,13.87
Exchange Ave & 79th St,13.59
Greenwood Ave & 97th St,13.52
Cottage Grove Ave & 83rd St,13.17
Western Ave & 111th St,12.67
Dauphin Ave & 87th St,12.58
Pulaski Rd & Lake St,12.42
Stony Island Ave & 82nd St,12.39
Perry Ave & 69th St,12.29
Kedzie Ave & Harrison St,12.05
Walden Pkwy & 100th St,11.95
Kedzie Ave & 24th St,11.80
Elizabeth St & 92nd St,11.80
Wentworth Ave & 63rd St,11.67
McClurg Ct & Ohio St,11.32
Morgan St & Pershing Rd,11.19
Laramie Ave & Madison St,11.04
Halsted & 63rd - Kennedy-King Vaccination Site,10.96
Loomis Blvd & 84th St,10.68
Baltimore Ave & 87th St,10.67
State St & 123rd St,10.64
Cicero Ave & Lake St,10.43
Ellis Ave & 83rd St,10.36
Cottage Grove Ave & 111th Pl,10.30
Long & Irving Park,10.30
Vernon Ave & 79th St,10.09
Eggleston Ave & 92nd St,10.06
Clyde Ave & 87th St,10.00
Central Park Ave & 24th St,9.95
Damen Ave & 59th St,9.94
Major Taylor Trail & 115th St,9.82
Stewart Ave & 83rd St,9.71
Central Ave & Harrison St,9.68
Avenue O & 118th St,9.36
WEST CHI-WATSON,9.33
Cottage Grove Ave & 78th St,9.33
Major Taylor Trail & 124th St,9.33
Laramie Ave & Kinzie St,9.17
Shields Ave & 43rd St,9.16
Greenwood Ave & 79th St,9.00
Stony Island Ave & 90th St,8.92
Commercial Ave & 83rd St,8.86
Avenue O & 134th St,8.85
Ashland Ave & 63rd St,8.83
Marquette Ave & 89th St,8.82
W Washington Blvd & N Peoria St,8.59
Ewing Ave & Burnham Greenway,8.55
Western Ave & 104th St,8.50
Stony Island Ave & South Chicago Ave,8.46
Racine Ave & Garfield Blvd,8.45
Bradley Park,8.42
East End Ave & 87th St,8.42
Western & 28th - Velasquez Institute Vaccination Site,8.25
Cottage Grove Ave & 71st St,8.21
Ashland Ave & 50th St,8.08
Homewood Ave & 115th St,8.04
Lockwood Ave & Wrightwood Ave,8.00
Phillips Ave & 83rd St,7.95
Yates Blvd & 93rd St,7.94
Houston Ave & 92nd St,7.86
Vernon Ave & 75th St,7.83
Pulaski Rd & Congress Pkwy,7.79
Loomis St & 89th St,7.67
N Paulina St & Lincoln Ave,7.65
Kostner Ave & Adams St,7.63
Commercial Ave & 100th St,7.50
Kenton Ave & Madison St,7.48
Summit Ave & 86th St,7.47
Eggleston Ave & 69th St,7.46
Broadway & Wilson Ave,7.45
Karlov Ave & Madison St,7.43
Latrobe Ave & Chicago Ave,7.29
Ashland Ave & 74th St,7.27
Michigan Ave & 114th St,7.17
Damen Ave & 51st St,7.06
South Chicago Ave & 83rd St,7.05
Stewart Ave & 63rd St,7.00
Michigan Ave & 71st St,7.00
Evans Ave & 75th St,6.91
Oglesby Ave & 100th St,6.87
Indiana Ave & 103rd St,6.74
Halsted St & 96th St,6.71
Vincennes Ave & 104th St,6.63
Halsted St & 104th St,6.61
Constance Ave & 95th St,6.59
Dauphin Ave & 103rd St,6.58
Kedzie Ave & 110th St,6.33
Halsted St & 51st St,6.32
Calumet Ave & 71st St,6.32
Ashland Ave & Garfield Blvd,6.26
Bennett Ave & 79th St,6.26
Halsted St & 56th St,6.23
May St & 69th St,6.22
Kilbourn & Belden,6.07
Ada St & 113th St,6.00
Seeley Ave & Garfield Blvd,5.94
Cicero Ave & Quincy St,5.83
Eberhart Ave & 131st St,5.80
Elizabeth St & 47th St,5.79
Throop St & 52nd St,5.74
Kostner Ave & Lake St,5.71
Halsted St & 78th St,5.67
Milwaukee Ave & Fullerton Ave,5.64
Long Ave & Belmont Ave,5.63
Halsted St & 69th St,5.60
Ashland Ave & 78th St,5.55
Altgeld Gardens,5.50
Halsted St & 73rd St,5.46
Oak Park & Wellington,5.39
Mason Ave & Belmont Ave,5.39
Plainfield & Irving Park,5.33
Narragansett & Wrightwood,5.33
Halsted St & 111th St,5.32
Kilbourn & Roscoe,5.32
Wentworth Ave & 104th St,5.29
Hegewisch Metra Station,5.28
Ashland Ave & 66th St,5.26
Cicero Ave & Flournoy St,5.23
Vernon Ave & 107th St,5.13
Laramie Ave & Gladys Ave,5.06
Kostner Ave & Wrightwood Ave,5.00
W 103rd St & S Avers Ave,4.86
Meade Ave & Addison St,4.74
MLK Jr Dr & 83rd St,4.71
Lawndale Ave & 30th St,4.71
Lamon Ave & Armitage Ave,4.71
Kilpatrick Ave & Parker Ave,4.71
Nordica & Medill,4.68
Rhodes Ave & 71st St,4.63
Wabash Ave & 83rd St,4.61
Mulligan Ave & Wellington Ave,4.50
Oketo Ave & Addison St,4.50
Spaulding Ave & 16th St,4.50
Marshfield Ave & 59th St,4.44
Torrence Ave & 106th St,4.22
Lamon Ave & Belmont Ave,4.11
Vincennes Ave & 75th St,4.00
Malcolm X College,4.00
Narragansett Ave & School St,3.94
Elston Ave & George St,3.94
Rockwell St & Fletcher St,3.81
Albany Ave & Belmont Ave,3.79
Lavergne & Fullerton,3.78
Central Ave & Roscoe St,3.76
Elizabeth St & 59th St,3.60
Racine Ave & 65th St,3.54
Lawler Ave & 50th St,3.50
Lincoln Ave & Balmoral Ave,3.50
Torrence Ave & 126th Pl,3.44
Central Park Ave & Douglas Blvd,3.41
Central Ave & Parker Ave,3.40
Greenwood Ave & 91st St,3.35
Orange & Addison,3.33
DIVVY CASSETTE REPAIR MOBILE STATION,3.33
Meade Ave & Diversey Ave,3.33
Homan Ave & Fillmore St,3.26
Tripp Ave & 65th St,3.25
Racine Ave & 61st St,3.24
Kedzie Ave & George St,3.24
Narragansett & Irving Park,3.21
Tripp Ave & 31st St,3.20
Woodlawn Ave & 75th St,3.20
Troy St & Grace St,3.19
Harlem & Irving Park,3.19
Halsted St & 59th St,3.12
Long Ave & Belden Ave,3.07
Keeler Ave & Roosevelt Rd,3.06
Menard Ave & Division St,3.00
Kedzie Ave & 52nd St,3.00
Francisco Ave & Hollywood Ave,3.00
Roscoe & Harlem,2.83
Kedzie Ave & 57th St,2.82
Panama Ave & Grace St,2.82
South Chicago Ave & Elliot Ave,2.78
Major Ave & Bloomingdale Ave,2.75
Sayre & Diversey,2.67
California Ave & Winona St,2.67
State St & 76th St,2.65
Elston Ave & Henderson St,2.64
Western Ave & Gunnison St,2.64
Spaulding Ave & 63rd St,2.63
Bloomingdale Ave & Harlem Ave,2.62
Rockwell St & Archer Ave,2.54
Rockwell St & 57th St,2.45
State St & Chicago Ave,2.40
North Ave & New England Ave,2.38
Lavergne Ave & Division St,2.29
Artesian Ave & 55th St,2.27
Rockwell St & Cermak Rd,2.27
Sacramento Ave & Pershing Rd,2.25
Pulaski Rd & 51st St,2.25
Kildare Ave & Chicago Ave,2.25
Richmond St & 59th St,2.20
Harding Ave & 26th St,2.18
Central Park & Augusta Blvd,2.18
Mozart St & Jackson Blvd,2.17
Harlem Ave & Grace St,2.15
Kenosha & Wellington,2.15
Parkside Ave & Armitage Ave,2.14
Kedzie Ave & 48th Pl,2.14
Carpenter St & 63rd St,2.11
Cicero Ave & Grace St,2.08
S Aberdeen St & W 106th St,2.08
Maryland Ave & 104th St,2.07
Pulaski Rd & 21st St,2.06
Virginia Ave & Catalpa Ave,2.00
Monticello Ave & Chicago Ave,2.00
Kildare Ave & Division St,2.00
Sacramento Blvd & Fulton Ave,2.00
Fairfield Ave & 44th St,2.00
Hoyne Ave & 34th St,2.00
Tripp Ave & 15th St,1.92
Damen Ave & 33rd St,1.92
Woodlawn & 103rd - Olive Harvey Vaccination Site,1.91
California Ave & 36th St,1.89
Komensky Ave & 31st St,1.86
Hamlin Ave & 62nd Pl,1.86
Pulaski Rd & 60th St,1.86
Western Ave & Grace St,1.82
Ping Tom Park (East),1.82
Narragansett & McLean,1.82
Whipple/Irving Park,1.82
Kedzie Ave & 104th St,1.81
Central Park Ave & Ohio St,1.78
N Damen Ave & W Chicago Ave,1.75
Western Ave & Lake St,1.75
Archer Ave & 43rd St,1.73
Avenue L & 114th St,1.71
Leamington Ave & Hirsch St,1.71
Springfield Ave & 47th St,1.71
Kostner Ave & 63rd St,1.70
Lawndale Ave & 16th St,1.70
Long Ave & North Ave,1.67
Lavergne Ave & 46th St,1.63
Francisco Ave & Bloomingdale Ave,1.62
Richmond St & Lincoln Ave,1.55
Sacramento Blvd & Addison St,1.50
Western Ave & 62nd St,1.50
Kildare Ave & 55th St,1.50
Western Ave & 28th St,1.50
Maplewood Ave & 59th St,1.50
Kilpatrick Ave & Grand Ave,1.44
Kildare Ave & 26th St,1.43
Doty Ave & 111th St,1.43
California Ave & Marquette Rd,1.40
Francisco Ave & Montrose Ave,1.40
Kenneth Ave & 50th St,1.36
S Wentworth Ave & W 111th St,1.33
Menard Ave & North Ave,1.33
N Clark St & W Elm St,1.30
St Louis Ave & Norman Bobbins Ave,1.27
Augusta Blvd & Laramie Ave,1.25
California Ave & 29th St,1.25
Lamon Ave & Chicago Ave,1.22
Pulaski & Ann Lurie Pl,1.20
S Michigan Ave & E 118th St,1.17
Komensky Ave & 55th St,1.14
Francisco Ave & 47th St,1.14
N Hampden Ct & W Diversey Ave,1.00
Sacramento Ave & 25th St,1.00
Indiana Ave & 133rd St,1.00
Lyft Driver Center Private Rack,1.00
Washtenaw Ave & Madison St,1.00
Lincoln Ave & Peterson Ave,1.00
Washtenaw Ave & Peterson Ave,1.00
Western Ave & Ardmore Ave,1.00
Kildare Ave & 47th St,1.00
Halsted St & 63rd St,1.00
Sacramento Blvd & Polk St,1.00
Throop/Hastings Mobile Station,1.00
N Shore Channel Trail & Argyle Ave,1.00
Campbell Ave & 51st St,1.00
Olive Harvey College,1.00
St Louis Ave & 59th St,1.00
351,1.00
